{
    "$schema": "http://schema.management.azure.com/schemas/2015-01-01/deploymentTemplate.json#",
    "contentVersion": "1.0.0.0",
    "parameters": {
        "location": {
            "type": "String"
        },
        "networkInterfaceName2": {
            "type": "String"
        },
        "enableAcceleratedNetworking": {
            "type": "Bool"
        },
        "networkSecurityGroupName": {
            "type": "String"
        },
        "networkSecurityGroupRules": {
            "type": "Array"
        },
        "subnetName": {
            "type": "String"
        },
        "virtualNetworkName": {
            "type": "String"
        },
        "addressPrefixes": {
            "type": "Array"
        },
        "subnets": {
            "type": "Array"
        },
        "publicIpAddressName2": {
            "type": "String"
        },
        "publicIpAddressType": {
            "type": "String"
        },
        "publicIpAddressSku": {
            "type": "String"
        },
        "pipDeleteOption": {
            "type": "String"
        },
        "virtualMachineName": {
            "type": "String"
        },
        "virtualMachineName2": {
            "type": "String"
        },
        "virtualMachineComputerName2": {
            "type": "String"
        },
        "virtualMachineRG": {
            "type": "String"
        },
        "osDiskType": {
            "type": "String"
        },
        "osDiskDeleteOption": {
            "type": "String"
        },
        "virtualMachineSize": {
            "type": "String"
        },
        "nicDeleteOption": {
            "type": "String"
        },
        "hibernationEnabled": {
            "type": "Bool"
        },
        "adminUsername": {
            "type": "String"
        },
        "adminPublicKey": {
            "type": "SecureString"
        },
        "securityType": {
            "type": "String"
        },
        "secureBoot": {
            "type": "Bool"
        },
        "vTPM": {
            "type": "Bool"
        },
        "virtualMachine2Zone": {
            "type": "String"
        }
    },
    "variables": {
        "nsgId": "[resourceId(resourceGroup().name, 'Microsoft.Network/networkSecurityGroups', parameters('networkSecurityGroupName'))]",
        "vnetName": "[parameters('virtualNetworkName')]",
        "vnetId": "[resourceId(resourceGroup().name,'Microsoft.Network/virtualNetworks', parameters('virtualNetworkName'))]",
        "subnetRef": "[concat(variables('vnetId'), '/subnets/', parameters('subnetName'))]"
    },
    "resources": [
        {
            "type": "Microsoft.Network/networkInterfaces",
            "apiVersion": "2022-11-01",
            "name": "[parameters('networkInterfaceName2')]",
            "location": "[parameters('location')]",
            "dependsOn": [
                "[concat('Microsoft.Network/networkSecurityGroups/', parameters('networkSecurityGroupName'))]",
                "[concat('Microsoft.Network/virtualNetworks/', parameters('virtualNetworkName'))]",
                "[concat('Microsoft.Network/publicIpAddresses/', parameters('publicIpAddressName2'))]"
            ],
            "properties": {
                "ipConfigurations": [
                    {
                        "name": "ipconfig1",
                        "properties": {
                            "subnet": {
                                "id": "[variables('subnetRef')]"
                            },
                            "privateIPAllocationMethod": "Dynamic",
                            "publicIpAddress": {
                                "id": "[resourceId(resourceGroup().name, 'Microsoft.Network/publicIpAddresses', parameters('publicIpAddressName2'))]",
                                "properties": {
                                    "deleteOption": "[parameters('pipDeleteOption')]"
                                }
                            }
                        }
                    }
                ],
                "enableAcceleratedNetworking": "[parameters('enableAcceleratedNetworking')]",
                "networkSecurityGroup": {
                    "id": "[variables('nsgId')]"
                }
            }
        },
        {
            "type": "Microsoft.Network/networkSecurityGroups",
            "apiVersion": "2020-05-01",
            "name": "[parameters('networkSecurityGroupName')]",
            "location": "[parameters('location')]",
            "properties": {
                "securityRules": "[parameters('networkSecurityGroupRules')]"
            }
        },
        {
            "type": "Microsoft.Network/virtualNetworks",
            "apiVersion": "2024-01-01",
            "name": "[parameters('virtualNetworkName')]",
            "location": "[parameters('location')]",
            "properties": {
                "addressSpace": {
                    "addressPrefixes": "[parameters('addressPrefixes')]"
                },
                "subnets": "[parameters('subnets')]"
            }
        },
        {
            "type": "Microsoft.Network/publicIpAddresses",
            "apiVersion": "2020-08-01",
            "name": "[parameters('publicIpAddressName2')]",
            "location": "[parameters('location')]",
            "sku": {
                "name": "[parameters('publicIpAddressSku')]"
            },
            "zones": [
                "[parameters('virtualMachine2Zone')]"
            ],
            "properties": {
                "publicIpAllocationMethod": "[parameters('publicIpAddressType')]"
            }
        },
        {
            "type": "Microsoft.Compute/virtualMachines",
            "apiVersion": "2024-03-01",
            "name": "[parameters('virtualMachineName2')]",
            "location": "[parameters('location')]",
            "dependsOn": [
                "[concat('Microsoft.Network/networkInterfaces/', parameters('networkInterfaceName2'))]"
            ],
            "zones": [
                "[parameters('virtualMachine2Zone')]"
            ],
            "properties": {
                "hardwareProfile": {
                    "vmSize": "[parameters('virtualMachineSize')]"
                },
                "storageProfile": {
                    "osDisk": {
                        "createOption": "fromImage",
                        "managedDisk": {
                            "storageAccountType": "[parameters('osDiskType')]"
                        },
                        "deleteOption": "[parameters('osDiskDeleteOption')]"
                    },
                    "imageReference": {
                        "publisher": "canonical",
                        "offer": "ubuntu-24_04-lts",
                        "sku": "server",
                        "version": "latest"
                    }
                },
                "networkProfile": {
                    "networkInterfaces": [
                        {
                            "id": "[resourceId('Microsoft.Network/networkInterfaces', parameters('networkInterfaceName2'))]",
                            "properties": {
                                "deleteOption": "[parameters('nicDeleteOption')]"
                            }
                        }
                    ]
                },
                "securityProfile": {
                    "securityType": "[parameters('securityType')]",
                    "uefiSettings": {
                        "secureBootEnabled": "[parameters('secureBoot')]",
                        "vTpmEnabled": "[parameters('vTPM')]"
                    }
                },
                "additionalCapabilities": {
                    "hibernationEnabled": false
                },
                "osProfile": {
                    "computerName": "[parameters('virtualMachineComputerName2')]",
                    "adminUsername": "[parameters('adminUsername')]",
                    "linuxConfiguration": {
                        "disablePasswordAuthentication": true,
                        "ssh": {
                            "publicKeys": [
                                {
                                    "path": "[concat('/home/', parameters('adminUsername'), '/.ssh/authorized_keys')]",
                                    "keyData": "[parameters('adminPublicKey')]"
                                }
                            ]
                        }
                    }
                },
                "diagnosticsProfile": {
                    "bootDiagnostics": {
                        "enabled": true
                    }
                }
            }
        }
    ],
    "outputs": {
        "adminUsername": {
            "type": "String",
            "value": "[parameters('adminUsername')]"
        }
    }
}